,Length,BLEUscore
0,5.0,0.29254681623903067
1,6.0,0.3229392011287346
2,7.0,0.3400798758681785
3,4.0,0.26564182841775597
4,8.0,0.3677063644172207
5,3.0,0.22189225408080737
6,9.0,0.12003666438285206
7,2.0,0.09841439126626235
