,Length,BLEUscore
0,5.0,0.33484600408715937
1,6.0,0.35203943873141275
2,7.0,0.36658828058679505
3,4.0,0.30869704958903255
4,8.0,0.3900039325475302
5,3.0,0.2309644689213822
6,9.0,0.2909317521668448
7,2.0,0.10223513266114419
