,Length,BLEUscore
0,5.0,0.31394181614304745
1,6.0,0.327194812904523
2,7.0,0.33693267530728366
3,4.0,0.28953303899622046
4,8.0,0.3325359932448188
5,3.0,0.20440132772213482
6,9.0,0.16683110861759542
7,2.0,0.09841439126626235
