,Epoch,Loss
0,1.0,1.4963513612747192
1,2.0,0.9846336245536804
2,3.0,0.7607232332229614
3,4.0,0.593713641166687
4,5.0,0.45990467071533203
5,6.0,0.3548828661441803
6,7.0,0.27859845757484436
7,8.0,0.22272737324237823
8,9.0,0.18454821407794952
9,10.0,0.15751326084136963
10,11.0,0.13845570385456085
11,12.0,0.12540043890476227
12,13.0,0.1176675334572792
13,14.0,0.11098293960094452
